latent_id,max_act,mean_act,top_images,top_values
40,8.021261215209961,0.4132240116596222,"['top_activations_live/img_7005.png', 'top_activations_live/img_6830.png', 'top_activations_live/img_7819.png', 'top_activations_live/img_241.png', 'top_activations_live/img_5051.png', 'top_activations_live/img_8123.png', 'top_activations_live/img_9658.png', 'top_activations_live/img_2346.png']","[8.021261215209961, 7.3138203620910645, 7.089373588562012, 6.943542957305908, 6.91518497467041, 6.83616304397583, 6.793586730957031, 6.684114933013916]"
50,7.0557403564453125,0.5436981320381165,"['top_activations_live/img_5399.png', 'top_activations_live/img_8634.png', 'top_activations_live/img_5216.png', 'top_activations_live/img_1661.png', 'top_activations_live/img_7123.png', 'top_activations_live/img_4671.png', 'top_activations_live/img_6063.png', 'top_activations_live/img_2848.png']","[7.0557403564453125, 6.97554874420166, 6.787762641906738, 6.732084274291992, 6.581116676330566, 6.547351837158203, 6.526920318603516, 6.502631187438965]"
183,4.40644645690918,0.15218889713287354,"['top_activations_live/img_2608.png', 'top_activations_live/img_3576.png', 'top_activations_live/img_498.png', 'top_activations_live/img_1762.png', 'top_activations_live/img_1441.png', 'top_activations_live/img_7204.png', 'top_activations_live/img_3098.png', 'top_activations_live/img_6909.png']","[4.40644645690918, 4.378429412841797, 4.284180641174316, 4.25531530380249, 4.092199325561523, 4.048673629760742, 4.039724349975586, 4.0031962394714355]"
194,0.6237286329269409,0.0002573129895608872,"['top_activations_live/img_2358.png', 'top_activations_live/img_5288.png', 'top_activations_live/img_9461.png', 'top_activations_live/img_3163.png', 'top_activations_live/img_8862.png', 'top_activations_live/img_3.png', 'top_activations_live/img_7.png', 'top_activations_live/img_1.png']","[0.6237286329269409, 0.5446869134902954, 0.5154383778572083, 0.46337294578552246, 0.4259030222892761, 0.0, 0.0, 0.0]"
198,2.843494415283203,0.04303646832704544,"['top_activations_live/img_5725.png', 'top_activations_live/img_4072.png', 'top_activations_live/img_7438.png', 'top_activations_live/img_53.png', 'top_activations_live/img_9557.png', 'top_activations_live/img_4820.png', 'top_activations_live/img_4934.png', 'top_activations_live/img_1400.png']","[2.843494415283203, 2.7577598094940186, 2.66782546043396, 2.5724339485168457, 2.427957773208618, 2.4174907207489014, 2.336174726486206, 2.2173943519592285]"
265,2.6045801639556885,0.03423779457807541,"['top_activations_live/img_3578.png', 'top_activations_live/img_8227.png', 'top_activations_live/img_2239.png', 'top_activations_live/img_1215.png', 'top_activations_live/img_2776.png', 'top_activations_live/img_4010.png', 'top_activations_live/img_6416.png', 'top_activations_live/img_2340.png']","[2.6045801639556885, 2.435408592224121, 2.2350685596466064, 2.1207590103149414, 1.9909543991088867, 1.9582560062408447, 1.9354486465454102, 1.8229246139526367]"
293,1.9777238368988037,0.010812751948833466,"['top_activations_live/img_6843.png', 'top_activations_live/img_8298.png', 'top_activations_live/img_6172.png', 'top_activations_live/img_7096.png', 'top_activations_live/img_3916.png', 'top_activations_live/img_1330.png', 'top_activations_live/img_8492.png', 'top_activations_live/img_4959.png']","[1.9777238368988037, 1.9201345443725586, 1.881724238395691, 1.8216276168823242, 1.8152425289154053, 1.7858169078826904, 1.7801145315170288, 1.7484931945800781]"
307,7.731639862060547,0.5050548911094666,"['top_activations_live/img_7320.png', 'top_activations_live/img_9054.png', 'top_activations_live/img_472.png', 'top_activations_live/img_3871.png', 'top_activations_live/img_917.png', 'top_activations_live/img_7977.png', 'top_activations_live/img_8377.png', 'top_activations_live/img_9572.png']","[7.731639862060547, 7.632315635681152, 7.518880844116211, 7.466036319732666, 7.434356689453125, 7.4214982986450195, 7.413400650024414, 7.3381805419921875]"
325,4.40194845199585,0.0721876248717308,"['top_activations_live/img_2249.png', 'top_activations_live/img_944.png', 'top_activations_live/img_4953.png', 'top_activations_live/img_7034.png', 'top_activations_live/img_7077.png', 'top_activations_live/img_7031.png', 'top_activations_live/img_2330.png', 'top_activations_live/img_8829.png']","[4.40194845199585, 4.235746383666992, 3.9882044792175293, 3.979196548461914, 3.9678773880004883, 3.9037702083587646, 3.877403974533081, 3.861088752746582]"
334,7.4813714027404785,0.1581006497144699,"['top_activations_live/img_6047.png', 'top_activations_live/img_5164.png', 'top_activations_live/img_8358.png', 'top_activations_live/img_5880.png', 'top_activations_live/img_1712.png', 'top_activations_live/img_767.png', 'top_activations_live/img_5223.png', 'top_activations_live/img_6222.png']","[7.4813714027404785, 7.321260452270508, 7.317282199859619, 7.241316318511963, 7.230987548828125, 7.167630195617676, 7.035381317138672, 6.975645065307617]"
383,3.6672701835632324,0.04505524784326553,"['top_activations_live/img_8835.png', 'top_activations_live/img_6612.png', 'top_activations_live/img_5842.png', 'top_activations_live/img_8327.png', 'top_activations_live/img_5908.png', 'top_activations_live/img_6941.png', 'top_activations_live/img_3713.png', 'top_activations_live/img_3377.png']","[3.6672701835632324, 2.9924509525299072, 2.8990345001220703, 2.7619881629943848, 2.7502546310424805, 2.700117588043213, 2.675292730331421, 2.444422721862793]"
387,7.6860456466674805,1.1970001459121704,"['top_activations_live/img_1043.png', 'top_activations_live/img_99.png', 'top_activations_live/img_5858.png', 'top_activations_live/img_3241.png', 'top_activations_live/img_7379.png', 'top_activations_live/img_8823.png', 'top_activations_live/img_9315.png', 'top_activations_live/img_743.png']","[7.6860456466674805, 7.589436054229736, 7.352387428283691, 7.252902984619141, 7.247499942779541, 7.1453962326049805, 6.981623649597168, 6.8582611083984375]"
395,5.355966567993164,0.3183385133743286,"['top_activations_live/img_9175.png', 'top_activations_live/img_6285.png', 'top_activations_live/img_6394.png', 'top_activations_live/img_6376.png', 'top_activations_live/img_1294.png', 'top_activations_live/img_9834.png', 'top_activations_live/img_2578.png', 'top_activations_live/img_9644.png']","[5.355966567993164, 5.325919151306152, 5.250833034515381, 5.139976978302002, 5.028420925140381, 5.020517349243164, 4.949697494506836, 4.910203456878662]"
434,7.564867973327637,0.3513087332248688,"['top_activations_live/img_1196.png', 'top_activations_live/img_1758.png', 'top_activations_live/img_9171.png', 'top_activations_live/img_7463.png', 'top_activations_live/img_498.png', 'top_activations_live/img_6928.png', 'top_activations_live/img_6312.png', 'top_activations_live/img_5712.png']","[7.564867973327637, 7.208063125610352, 7.171590805053711, 7.00779914855957, 6.733576774597168, 6.708745002746582, 6.638791561126709, 6.618591785430908]"
476,3.0984997749328613,0.012564621865749359,"['top_activations_live/img_7034.png', 'top_activations_live/img_6650.png', 'top_activations_live/img_6808.png', 'top_activations_live/img_1903.png', 'top_activations_live/img_4056.png', 'top_activations_live/img_944.png', 'top_activations_live/img_7354.png', 'top_activations_live/img_2833.png']","[3.0984997749328613, 2.7989282608032227, 2.7076988220214844, 2.6680479049682617, 2.4333267211914062, 2.396333932876587, 2.307631492614746, 2.2566709518432617]"
493,4.046403884887695,0.04148843139410019,"['top_activations_live/img_8834.png', 'top_activations_live/img_2118.png', 'top_activations_live/img_3848.png', 'top_activations_live/img_552.png', 'top_activations_live/img_4083.png', 'top_activations_live/img_9867.png', 'top_activations_live/img_4911.png', 'top_activations_live/img_3521.png']","[4.046403884887695, 3.889476776123047, 3.728440761566162, 3.5393457412719727, 3.4267406463623047, 3.426239252090454, 3.307628631591797, 3.0519907474517822]"
556,3.7736642360687256,0.04819396883249283,"['top_activations_live/img_830.png', 'top_activations_live/img_9794.png', 'top_activations_live/img_9894.png', 'top_activations_live/img_546.png', 'top_activations_live/img_8032.png', 'top_activations_live/img_9813.png', 'top_activations_live/img_5480.png', 'top_activations_live/img_2042.png']","[3.7736642360687256, 3.727696418762207, 3.3972229957580566, 3.1074321269989014, 3.0994229316711426, 3.093198776245117, 3.0055980682373047, 2.972181797027588]"
577,5.695255279541016,0.1349959671497345,"['top_activations_live/img_5058.png', 'top_activations_live/img_8663.png', 'top_activations_live/img_7565.png', 'top_activations_live/img_2009.png', 'top_activations_live/img_7656.png', 'top_activations_live/img_1751.png', 'top_activations_live/img_9487.png', 'top_activations_live/img_9618.png']","[5.695255279541016, 5.617167949676514, 5.512195110321045, 5.509894371032715, 5.448951244354248, 5.2498979568481445, 5.005631923675537, 4.941305160522461]"
583,3.6974222660064697,0.06882495433092117,"['top_activations_live/img_2606.png', 'top_activations_live/img_2844.png', 'top_activations_live/img_370.png', 'top_activations_live/img_7587.png', 'top_activations_live/img_1924.png', 'top_activations_live/img_1293.png', 'top_activations_live/img_4627.png', 'top_activations_live/img_8793.png']","[3.6974222660064697, 3.659733772277832, 3.436002492904663, 3.122389316558838, 3.0007779598236084, 2.8970680236816406, 2.835714817047119, 2.8164820671081543]"
655,11.634605407714844,5.5517425537109375,"['top_activations_live/img_3988.png', 'top_activations_live/img_6924.png', 'top_activations_live/img_2906.png', 'top_activations_live/img_325.png', 'top_activations_live/img_8071.png', 'top_activations_live/img_4055.png', 'top_activations_live/img_8476.png', 'top_activations_live/img_1757.png']","[11.634605407714844, 11.456354141235352, 11.276605606079102, 11.248527526855469, 11.149812698364258, 10.975172996520996, 10.971916198730469, 10.951850891113281]"
737,3.8626976013183594,0.02896539866924286,"['top_activations_live/img_9760.png', 'top_activations_live/img_733.png', 'top_activations_live/img_50.png', 'top_activations_live/img_6681.png', 'top_activations_live/img_4761.png', 'top_activations_live/img_9777.png', 'top_activations_live/img_2282.png', 'top_activations_live/img_2568.png']","[3.8626976013183594, 3.3921685218811035, 3.0285892486572266, 2.936107635498047, 2.886683464050293, 2.722871780395508, 2.64030122756958, 2.5707263946533203]"
778,2.8367724418640137,0.04793015867471695,"['top_activations_live/img_9401.png', 'top_activations_live/img_1910.png', 'top_activations_live/img_5048.png', 'top_activations_live/img_5908.png', 'top_activations_live/img_7578.png', 'top_activations_live/img_9692.png', 'top_activations_live/img_3897.png', 'top_activations_live/img_3760.png']","[2.8367724418640137, 2.7996037006378174, 2.467175006866455, 2.168128252029419, 2.1500210762023926, 2.1405348777770996, 2.041861057281494, 1.9970208406448364]"
814,4.584692001342773,0.16892576217651367,"['top_activations_live/img_5208.png', 'top_activations_live/img_6053.png', 'top_activations_live/img_3256.png', 'top_activations_live/img_4902.png', 'top_activations_live/img_2834.png', 'top_activations_live/img_4576.png', 'top_activations_live/img_4053.png', 'top_activations_live/img_1798.png']","[4.584692001342773, 4.213832855224609, 3.8656105995178223, 3.8269100189208984, 3.737811803817749, 3.721893548965454, 3.719085693359375, 3.716695785522461]"
852,7.7495551109313965,0.8517867922782898,"['top_activations_live/img_5910.png', 'top_activations_live/img_4462.png', 'top_activations_live/img_6516.png', 'top_activations_live/img_9009.png', 'top_activations_live/img_35.png', 'top_activations_live/img_8487.png', 'top_activations_live/img_7989.png', 'top_activations_live/img_2557.png']","[7.7495551109313965, 7.296573638916016, 7.035207748413086, 6.679850101470947, 6.525059700012207, 6.362788200378418, 6.2225799560546875, 6.158234119415283]"
879,10.353848457336426,5.096210956573486,"['top_activations_live/img_7314.png', 'top_activations_live/img_9302.png', 'top_activations_live/img_2307.png', 'top_activations_live/img_4490.png', 'top_activations_live/img_7416.png', 'top_activations_live/img_7441.png', 'top_activations_live/img_5166.png', 'top_activations_live/img_2018.png']","[10.353848457336426, 10.267755508422852, 10.128276824951172, 9.930720329284668, 9.90178394317627, 9.817310333251953, 9.770389556884766, 9.695086479187012]"
987,13.338180541992188,5.893636703491211,"['top_activations_live/img_1334.png', 'top_activations_live/img_6060.png', 'top_activations_live/img_7439.png', 'top_activations_live/img_6609.png', 'top_activations_live/img_7105.png', 'top_activations_live/img_2106.png', 'top_activations_live/img_2612.png', 'top_activations_live/img_4530.png']","[13.338180541992188, 12.973543167114258, 12.969223022460938, 12.879892349243164, 12.799636840820312, 12.741336822509766, 12.725356101989746, 12.598230361938477]"
993,3.193662643432617,0.022226907312870026,"['top_activations_live/img_189.png', 'top_activations_live/img_6336.png', 'top_activations_live/img_3.png', 'top_activations_live/img_4901.png', 'top_activations_live/img_780.png', 'top_activations_live/img_6854.png', 'top_activations_live/img_2327.png', 'top_activations_live/img_9840.png']","[3.193662643432617, 2.80831241607666, 2.7980077266693115, 2.674426794052124, 2.55161452293396, 2.514828681945801, 2.5113439559936523, 2.4899659156799316]"
1001,6.8087687492370605,0.16839684545993805,"['top_activations_live/img_1750.png', 'top_activations_live/img_9343.png', 'top_activations_live/img_5142.png', 'top_activations_live/img_3279.png', 'top_activations_live/img_5500.png', 'top_activations_live/img_404.png', 'top_activations_live/img_5548.png', 'top_activations_live/img_6734.png']","[6.8087687492370605, 6.218649387359619, 6.123806476593018, 6.114676475524902, 6.0676984786987305, 5.999320030212402, 5.881048202514648, 5.72830867767334]"
1047,7.044582366943359,1.6740622520446777,"['top_activations_live/img_2900.png', 'top_activations_live/img_3356.png', 'top_activations_live/img_5376.png', 'top_activations_live/img_4275.png', 'top_activations_live/img_652.png', 'top_activations_live/img_3509.png', 'top_activations_live/img_6537.png', 'top_activations_live/img_1105.png']","[7.044582366943359, 6.918040752410889, 6.690362930297852, 6.540661334991455, 6.490723609924316, 6.4858808517456055, 6.448462009429932, 6.440703392028809]"
1066,9.534256935119629,1.7198699712753296,"['top_activations_live/img_3909.png', 'top_activations_live/img_4956.png', 'top_activations_live/img_6253.png', 'top_activations_live/img_3808.png', 'top_activations_live/img_1239.png', 'top_activations_live/img_9414.png', 'top_activations_live/img_2207.png', 'top_activations_live/img_7781.png']","[9.534256935119629, 9.244359970092773, 8.884124755859375, 8.84642505645752, 8.571414947509766, 8.35462760925293, 8.282373428344727, 8.203829765319824]"
1078,3.2945330142974854,0.010055874474346638,"['top_activations_live/img_9824.png', 'top_activations_live/img_2601.png', 'top_activations_live/img_4025.png', 'top_activations_live/img_1238.png', 'top_activations_live/img_7572.png', 'top_activations_live/img_8449.png', 'top_activations_live/img_7324.png', 'top_activations_live/img_1134.png']","[3.2945330142974854, 3.1711573600769043, 2.8100152015686035, 2.5948047637939453, 2.51938796043396, 2.420332193374634, 2.2296364307403564, 2.2178077697753906]"
1082,0.5722385048866272,5.722384958062321e-05,"['top_activations_live/img_2388.png', 'top_activations_live/img_1.png', 'top_activations_live/img_7.png', 'top_activations_live/img_4.png', 'top_activations_live/img_3.png', 'top_activations_live/img_5.png', 'top_activations_live/img_0.png', 'top_activations_live/img_2.png']","[0.5722385048866272, 0.0, 0.0, 0.0, 0.0, 0.0, 0.0, 0.0]"
1094,5.047692775726318,0.5266270637512207,"['top_activations_live/img_7754.png', 'top_activations_live/img_3557.png', 'top_activations_live/img_9692.png', 'top_activations_live/img_727.png', 'top_activations_live/img_5832.png', 'top_activations_live/img_3275.png', 'top_activations_live/img_7939.png', 'top_activations_live/img_4335.png']","[5.047692775726318, 4.912217140197754, 4.8160271644592285, 4.7870378494262695, 4.298700332641602, 4.217315673828125, 4.115092754364014, 4.043721675872803]"
1118,6.995661735534668,0.6004520058631897,"['top_activations_live/img_3587.png', 'top_activations_live/img_692.png', 'top_activations_live/img_2464.png', 'top_activations_live/img_7821.png', 'top_activations_live/img_1165.png', 'top_activations_live/img_4793.png', 'top_activations_live/img_2774.png', 'top_activations_live/img_7040.png']","[6.995661735534668, 6.472116470336914, 6.394827365875244, 6.305657863616943, 6.1733269691467285, 6.107966899871826, 5.936584949493408, 5.807468891143799]"
1167,4.513284683227539,0.14203457534313202,"['top_activations_live/img_3678.png', 'top_activations_live/img_7236.png', 'top_activations_live/img_6.png', 'top_activations_live/img_1591.png', 'top_activations_live/img_2819.png', 'top_activations_live/img_7359.png', 'top_activations_live/img_6581.png', 'top_activations_live/img_7276.png']","[4.513284683227539, 4.377444744110107, 4.267765998840332, 4.156800746917725, 4.147096633911133, 3.875795364379883, 3.8517508506774902, 3.7792000770568848]"
1224,0.7149562835693359,7.149562588892877e-05,"['top_activations_live/img_883.png', 'top_activations_live/img_1.png', 'top_activations_live/img_7.png', 'top_activations_live/img_4.png', 'top_activations_live/img_3.png', 'top_activations_live/img_5.png', 'top_activations_live/img_0.png', 'top_activations_live/img_2.png']","[0.7149562835693359, 0.0, 0.0, 0.0, 0.0, 0.0, 0.0, 0.0]"
1251,3.671938180923462,0.03576519340276718,"['top_activations_live/img_4161.png', 'top_activations_live/img_2708.png', 'top_activations_live/img_9801.png', 'top_activations_live/img_5421.png', 'top_activations_live/img_4151.png', 'top_activations_live/img_7896.png', 'top_activations_live/img_5676.png', 'top_activations_live/img_746.png']","[3.671938180923462, 3.4730472564697266, 3.046175003051758, 3.0226197242736816, 2.7905426025390625, 2.642428398132324, 2.638996124267578, 2.545588254928589]"
1254,11.689956665039062,6.310163497924805,"['top_activations_live/img_7453.png', 'top_activations_live/img_9726.png', 'top_activations_live/img_4709.png', 'top_activations_live/img_750.png', 'top_activations_live/img_1265.png', 'top_activations_live/img_9518.png', 'top_activations_live/img_1507.png', 'top_activations_live/img_2571.png']","[11.689956665039062, 11.665635108947754, 11.660665512084961, 11.47961139678955, 11.277984619140625, 10.931463241577148, 10.917620658874512, 10.894502639770508]"
1315,3.8803038597106934,0.022898871451616287,"['top_activations_live/img_6133.png', 'top_activations_live/img_8960.png', 'top_activations_live/img_6821.png', 'top_activations_live/img_9017.png', 'top_activations_live/img_7116.png', 'top_activations_live/img_3782.png', 'top_activations_live/img_9482.png', 'top_activations_live/img_4546.png']","[3.8803038597106934, 2.9082770347595215, 2.696442127227783, 2.3681468963623047, 2.299372911453247, 2.188779830932617, 2.1645240783691406, 2.060757637023926]"
1338,0.5323529243469238,5.3235293307807297e-05,"['top_activations_live/img_9770.png', 'top_activations_live/img_1.png', 'top_activations_live/img_7.png', 'top_activations_live/img_4.png', 'top_activations_live/img_3.png', 'top_activations_live/img_5.png', 'top_activations_live/img_0.png', 'top_activations_live/img_2.png']","[0.5323529243469238, 0.0, 0.0, 0.0, 0.0, 0.0, 0.0, 0.0]"
1354,4.172972679138184,0.03254442662000656,"['top_activations_live/img_7575.png', 'top_activations_live/img_2644.png', 'top_activations_live/img_2957.png', 'top_activations_live/img_197.png', 'top_activations_live/img_9619.png', 'top_activations_live/img_4024.png', 'top_activations_live/img_6743.png', 'top_activations_live/img_8325.png']","[4.172972679138184, 3.5686614513397217, 3.5418543815612793, 3.238097667694092, 3.177940845489502, 3.0824527740478516, 3.051372766494751, 3.0104756355285645]"
1421,7.207559108734131,0.4251292943954468,"['top_activations_live/img_7560.png', 'top_activations_live/img_3112.png', 'top_activations_live/img_4040.png', 'top_activations_live/img_6241.png', 'top_activations_live/img_3063.png', 'top_activations_live/img_8061.png', 'top_activations_live/img_4167.png', 'top_activations_live/img_5703.png']","[7.207559108734131, 7.206903457641602, 7.18730354309082, 7.1621599197387695, 7.160895347595215, 7.145323753356934, 7.047281265258789, 6.98801326751709]"
1425,9.068693161010742,3.5343031883239746,"['top_activations_live/img_9034.png', 'top_activations_live/img_3292.png', 'top_activations_live/img_6327.png', 'top_activations_live/img_7801.png', 'top_activations_live/img_7831.png', 'top_activations_live/img_2664.png', 'top_activations_live/img_4524.png', 'top_activations_live/img_5159.png']","[9.068693161010742, 8.833126068115234, 8.770941734313965, 8.74129867553711, 8.544683456420898, 8.514519691467285, 8.489334106445312, 8.44355583190918]"
1433,5.843663215637207,0.09034691005945206,"['top_activations_live/img_917.png', 'top_activations_live/img_7252.png', 'top_activations_live/img_6115.png', 'top_activations_live/img_4692.png', 'top_activations_live/img_6463.png', 'top_activations_live/img_55.png', 'top_activations_live/img_711.png', 'top_activations_live/img_8418.png']","[5.843663215637207, 5.775693893432617, 5.758281707763672, 5.57773494720459, 5.361044406890869, 5.3482208251953125, 5.264963626861572, 5.246513843536377]"
1464,3.785191297531128,0.03550950810313225,"['top_activations_live/img_1004.png', 'top_activations_live/img_1263.png', 'top_activations_live/img_3078.png', 'top_activations_live/img_1866.png', 'top_activations_live/img_8921.png', 'top_activations_live/img_9846.png', 'top_activations_live/img_757.png', 'top_activations_live/img_9274.png']","[3.785191297531128, 3.528665542602539, 3.5201869010925293, 3.3683388233184814, 3.332637310028076, 3.2628016471862793, 3.2462446689605713, 3.2459604740142822]"
1506,2.7924368381500244,0.011680479161441326,"['top_activations_live/img_8898.png', 'top_activations_live/img_5010.png', 'top_activations_live/img_5842.png', 'top_activations_live/img_7342.png', 'top_activations_live/img_3377.png', 'top_activations_live/img_7976.png', 'top_activations_live/img_7478.png', 'top_activations_live/img_8793.png']","[2.7924368381500244, 2.268122434616089, 2.1571404933929443, 2.0948052406311035, 2.0828487873077393, 2.0606067180633545, 1.9049221277236938, 1.893121600151062]"
1607,5.983753204345703,0.9534939527511597,"['top_activations_live/img_9876.png', 'top_activations_live/img_1940.png', 'top_activations_live/img_1247.png', 'top_activations_live/img_5632.png', 'top_activations_live/img_2466.png', 'top_activations_live/img_9682.png', 'top_activations_live/img_8812.png', 'top_activations_live/img_7011.png']","[5.983753204345703, 5.833980560302734, 5.830450534820557, 5.7266316413879395, 5.531223297119141, 5.414224624633789, 5.4000959396362305, 5.310164928436279]"
1632,3.505218505859375,0.02591727301478386,"['top_activations_live/img_1107.png', 'top_activations_live/img_4412.png', 'top_activations_live/img_4923.png', 'top_activations_live/img_9390.png', 'top_activations_live/img_7223.png', 'top_activations_live/img_6356.png', 'top_activations_live/img_1584.png', 'top_activations_live/img_8320.png']","[3.505218505859375, 3.237434148788452, 3.2103867530822754, 3.1709513664245605, 3.1064629554748535, 3.103041887283325, 2.936478853225708, 2.9185826778411865]"
1633,7.080991744995117,0.058653101325035095,"['top_activations_live/img_2290.png', 'top_activations_live/img_8814.png', 'top_activations_live/img_5083.png', 'top_activations_live/img_6672.png', 'top_activations_live/img_3979.png', 'top_activations_live/img_8127.png', 'top_activations_live/img_4233.png', 'top_activations_live/img_9658.png']","[7.080991744995117, 6.7989888191223145, 6.501885414123535, 6.427097320556641, 6.371066093444824, 6.341056823730469, 6.275838375091553, 6.220188140869141]"
1684,2.956084966659546,0.03265540301799774,"['top_activations_live/img_1357.png', 'top_activations_live/img_9927.png', 'top_activations_live/img_8430.png', 'top_activations_live/img_1734.png', 'top_activations_live/img_2765.png', 'top_activations_live/img_6868.png', 'top_activations_live/img_7685.png', 'top_activations_live/img_5916.png']","[2.956084966659546, 2.8718647956848145, 2.661278247833252, 2.5981738567352295, 2.574295997619629, 2.547752857208252, 2.5030465126037598, 2.497166395187378]"
1734,0.5767136812210083,5.767136826761998e-05,"['top_activations_live/img_2051.png', 'top_activations_live/img_1.png', 'top_activations_live/img_7.png', 'top_activations_live/img_4.png', 'top_activations_live/img_3.png', 'top_activations_live/img_5.png', 'top_activations_live/img_0.png', 'top_activations_live/img_2.png']","[0.5767136812210083, 0.0, 0.0, 0.0, 0.0, 0.0, 0.0, 0.0]"
1756,3.8001585006713867,0.016381850466132164,"['top_activations_live/img_9054.png', 'top_activations_live/img_6414.png', 'top_activations_live/img_3829.png', 'top_activations_live/img_2245.png', 'top_activations_live/img_4972.png', 'top_activations_live/img_8101.png', 'top_activations_live/img_368.png', 'top_activations_live/img_9906.png']","[3.8001585006713867, 3.0975542068481445, 2.7279675006866455, 2.469085931777954, 2.3435654640197754, 2.3402528762817383, 2.2414755821228027, 2.227281093597412]"
1776,2.5479555130004883,0.021135350689291954,"['top_activations_live/img_9086.png', 'top_activations_live/img_5860.png', 'top_activations_live/img_8415.png', 'top_activations_live/img_6363.png', 'top_activations_live/img_1851.png', 'top_activations_live/img_9565.png', 'top_activations_live/img_6091.png', 'top_activations_live/img_4854.png']","[2.5479555130004883, 2.3931782245635986, 2.190319538116455, 2.1565699577331543, 2.0872838497161865, 2.031524181365967, 1.9987571239471436, 1.9142593145370483]"
1804,5.604384899139404,0.031885016709566116,"['top_activations_live/img_8247.png', 'top_activations_live/img_2639.png', 'top_activations_live/img_7672.png', 'top_activations_live/img_4672.png', 'top_activations_live/img_5513.png', 'top_activations_live/img_6731.png', 'top_activations_live/img_5977.png', 'top_activations_live/img_329.png']","[5.604384899139404, 5.3704071044921875, 5.280548095703125, 5.066021919250488, 4.7818803787231445, 4.692265510559082, 4.641881942749023, 4.543577194213867]"
1812,11.670267105102539,7.189661502838135,"['top_activations_live/img_3401.png', 'top_activations_live/img_4905.png', 'top_activations_live/img_8473.png', 'top_activations_live/img_6022.png', 'top_activations_live/img_2470.png', 'top_activations_live/img_4641.png', 'top_activations_live/img_8205.png', 'top_activations_live/img_7177.png']","[11.670267105102539, 11.36838150024414, 11.039868354797363, 11.034125328063965, 10.9360933303833, 10.882225036621094, 10.862443923950195, 10.819184303283691]"
1832,2.6383872032165527,0.014748580753803253,"['top_activations_live/img_5242.png', 'top_activations_live/img_9931.png', 'top_activations_live/img_9890.png', 'top_activations_live/img_9172.png', 'top_activations_live/img_1760.png', 'top_activations_live/img_5618.png', 'top_activations_live/img_9644.png', 'top_activations_live/img_6394.png']","[2.6383872032165527, 2.5617973804473877, 2.447625160217285, 2.2508535385131836, 2.200863838195801, 2.153857707977295, 2.1347010135650635, 2.0688672065734863]"
1833,6.739945411682129,0.7508711814880371,"['top_activations_live/img_7315.png', 'top_activations_live/img_8958.png', 'top_activations_live/img_6850.png', 'top_activations_live/img_8942.png', 'top_activations_live/img_9641.png', 'top_activations_live/img_4859.png', 'top_activations_live/img_3720.png', 'top_activations_live/img_9860.png']","[6.739945411682129, 6.440250396728516, 6.422700881958008, 6.397400379180908, 6.335867881774902, 6.321168899536133, 6.279694557189941, 6.196898460388184]"
1850,7.078104496002197,0.14079706370830536,"['top_activations_live/img_5301.png', 'top_activations_live/img_2930.png', 'top_activations_live/img_375.png', 'top_activations_live/img_6358.png', 'top_activations_live/img_1215.png', 'top_activations_live/img_2559.png', 'top_activations_live/img_2239.png', 'top_activations_live/img_9416.png']","[7.078104496002197, 6.978647708892822, 6.817699909210205, 6.358665466308594, 6.323428153991699, 6.258911609649658, 6.19686222076416, 6.175993919372559]"
1898,3.167483329772949,0.03038683533668518,"['top_activations_live/img_9652.png', 'top_activations_live/img_1863.png', 'top_activations_live/img_9992.png', 'top_activations_live/img_5632.png', 'top_activations_live/img_7662.png', 'top_activations_live/img_5830.png', 'top_activations_live/img_8219.png', 'top_activations_live/img_3666.png']","[3.167483329772949, 2.541078567504883, 2.493145704269409, 2.4709270000457764, 2.343165636062622, 2.3294079303741455, 2.3060436248779297, 2.2668802738189697]"
1966,7.84398078918457,0.4841116666793823,"['top_activations_live/img_4823.png', 'top_activations_live/img_6199.png', 'top_activations_live/img_5222.png', 'top_activations_live/img_1543.png', 'top_activations_live/img_2003.png', 'top_activations_live/img_4241.png', 'top_activations_live/img_2582.png', 'top_activations_live/img_8115.png']","[7.84398078918457, 7.772770881652832, 7.631414890289307, 7.613369941711426, 7.581723213195801, 7.4191060066223145, 7.395809173583984, 7.296683311462402]"
1983,0.6074289083480835,6.074289194657467e-05,"['top_activations_live/img_9746.png', 'top_activations_live/img_1.png', 'top_activations_live/img_7.png', 'top_activations_live/img_4.png', 'top_activations_live/img_3.png', 'top_activations_live/img_5.png', 'top_activations_live/img_0.png', 'top_activations_live/img_2.png']","[0.6074289083480835, 0.0, 0.0, 0.0, 0.0, 0.0, 0.0, 0.0]"
2047,7.0386152267456055,0.1284237951040268,"['top_activations_live/img_7632.png', 'top_activations_live/img_3684.png', 'top_activations_live/img_7994.png', 'top_activations_live/img_2821.png', 'top_activations_live/img_4840.png', 'top_activations_live/img_4374.png', 'top_activations_live/img_5302.png', 'top_activations_live/img_4802.png']","[7.0386152267456055, 6.180198669433594, 6.132760524749756, 5.928404808044434, 5.845181941986084, 5.6085052490234375, 5.505102157592773, 5.292472839355469]"
2152,7.604550361633301,1.855042815208435,"['top_activations_live/img_7090.png', 'top_activations_live/img_1121.png', 'top_activations_live/img_2948.png', 'top_activations_live/img_4393.png', 'top_activations_live/img_1803.png', 'top_activations_live/img_2039.png', 'top_activations_live/img_4982.png', 'top_activations_live/img_3013.png']","[7.604550361633301, 7.262609004974365, 7.251770973205566, 7.244472503662109, 7.179450035095215, 7.163933753967285, 6.896142482757568, 6.891482353210449]"
2215,2.879587173461914,0.032034821808338165,"['top_activations_live/img_5951.png', 'top_activations_live/img_5995.png', 'top_activations_live/img_489.png', 'top_activations_live/img_2468.png', 'top_activations_live/img_6436.png', 'top_activations_live/img_9625.png', 'top_activations_live/img_1875.png', 'top_activations_live/img_4504.png']","[2.879587173461914, 2.7787914276123047, 2.7603721618652344, 2.598233222961426, 2.5597081184387207, 2.544651985168457, 2.323676586151123, 2.288459539413452]"
2221,9.285977363586426,2.767742872238159,"['top_activations_live/img_6077.png', 'top_activations_live/img_6428.png', 'top_activations_live/img_83.png', 'top_activations_live/img_8431.png', 'top_activations_live/img_8017.png', 'top_activations_live/img_2515.png', 'top_activations_live/img_3536.png', 'top_activations_live/img_2079.png']","[9.285977363586426, 9.024325370788574, 8.915771484375, 8.907672882080078, 8.694157600402832, 8.660310745239258, 8.586198806762695, 8.415420532226562]"
2241,3.753021240234375,0.08944615721702576,"['top_activations_live/img_9848.png', 'top_activations_live/img_6742.png', 'top_activations_live/img_4128.png', 'top_activations_live/img_2533.png', 'top_activations_live/img_6558.png', 'top_activations_live/img_8039.png', 'top_activations_live/img_2126.png', 'top_activations_live/img_1511.png']","[3.753021240234375, 3.7419893741607666, 3.608940839767456, 3.4897961616516113, 3.4609107971191406, 3.4498789310455322, 3.4051923751831055, 3.3894472122192383]"
2245,7.2229461669921875,0.2080574929714203,"['top_activations_live/img_1349.png', 'top_activations_live/img_3265.png', 'top_activations_live/img_2265.png', 'top_activations_live/img_7576.png', 'top_activations_live/img_8228.png', 'top_activations_live/img_8896.png', 'top_activations_live/img_5688.png', 'top_activations_live/img_6052.png']","[7.2229461669921875, 7.184183120727539, 7.098453521728516, 7.0513458251953125, 6.836938858032227, 6.822548866271973, 6.820267677307129, 6.786188125610352]"
2247,7.985821723937988,0.3426308035850525,"['top_activations_live/img_9524.png', 'top_activations_live/img_2367.png', 'top_activations_live/img_9173.png', 'top_activations_live/img_5379.png', 'top_activations_live/img_4132.png', 'top_activations_live/img_769.png', 'top_activations_live/img_9128.png', 'top_activations_live/img_5296.png']","[7.985821723937988, 7.828343391418457, 7.610352039337158, 7.50361442565918, 7.489121437072754, 7.417511940002441, 7.398730278015137, 7.386137962341309]"
2254,1.7900505065917969,0.013633864931762218,"['top_activations_live/img_1422.png', 'top_activations_live/img_5548.png', 'top_activations_live/img_4649.png', 'top_activations_live/img_914.png', 'top_activations_live/img_552.png', 'top_activations_live/img_5142.png', 'top_activations_live/img_3301.png', 'top_activations_live/img_2847.png']","[1.7900505065917969, 1.5866566896438599, 1.5013244152069092, 1.4862571954727173, 1.4659292697906494, 1.4394093751907349, 1.3993405103683472, 1.3838037252426147]"
2266,3.706115245819092,0.0451388880610466,"['top_activations_live/img_1067.png', 'top_activations_live/img_7126.png', 'top_activations_live/img_7544.png', 'top_activations_live/img_5382.png', 'top_activations_live/img_5255.png', 'top_activations_live/img_791.png', 'top_activations_live/img_9533.png', 'top_activations_live/img_6331.png']","[3.706115245819092, 3.366206645965576, 3.2013485431671143, 3.0305018424987793, 2.856783390045166, 2.786625623703003, 2.774590492248535, 2.692991256713867]"
2274,7.545472145080566,2.3047122955322266,"['top_activations_live/img_773.png', 'top_activations_live/img_7585.png', 'top_activations_live/img_30.png', 'top_activations_live/img_9006.png', 'top_activations_live/img_2119.png', 'top_activations_live/img_777.png', 'top_activations_live/img_58.png', 'top_activations_live/img_8319.png']","[7.545472145080566, 7.2716803550720215, 7.060638904571533, 6.906208038330078, 6.891770362854004, 6.881266117095947, 6.865257740020752, 6.735028266906738]"
2298,3.322814702987671,0.0670134648680687,"['top_activations_live/img_1752.png', 'top_activations_live/img_7393.png', 'top_activations_live/img_7795.png', 'top_activations_live/img_1807.png', 'top_activations_live/img_8863.png', 'top_activations_live/img_321.png', 'top_activations_live/img_2051.png', 'top_activations_live/img_9311.png']","[3.322814702987671, 3.239755868911743, 3.0849101543426514, 2.772364616394043, 2.768146514892578, 2.7604598999023438, 2.7362184524536133, 2.6865108013153076]"
2384,4.92227840423584,0.0964406281709671,"['top_activations_live/img_9981.png', 'top_activations_live/img_4864.png', 'top_activations_live/img_9213.png', 'top_activations_live/img_2505.png', 'top_activations_live/img_811.png', 'top_activations_live/img_2251.png', 'top_activations_live/img_1773.png', 'top_activations_live/img_2804.png']","[4.92227840423584, 4.880151748657227, 4.500659465789795, 4.46751594543457, 4.249584674835205, 4.096258163452148, 4.061238765716553, 3.80639386177063]"
2387,3.529524326324463,0.04665662720799446,"['top_activations_live/img_7943.png', 'top_activations_live/img_4948.png', 'top_activations_live/img_5439.png', 'top_activations_live/img_6048.png', 'top_activations_live/img_1258.png', 'top_activations_live/img_4531.png', 'top_activations_live/img_622.png', 'top_activations_live/img_8389.png']","[3.529524326324463, 3.3960065841674805, 3.3868494033813477, 3.2539777755737305, 3.1650352478027344, 3.162858009338379, 3.161855697631836, 3.124437093734741]"
2400,4.0031304359436035,0.31718525290489197,"['top_activations_live/img_1065.png', 'top_activations_live/img_4051.png', 'top_activations_live/img_3743.png', 'top_activations_live/img_1620.png', 'top_activations_live/img_9084.png', 'top_activations_live/img_63.png', 'top_activations_live/img_3806.png', 'top_activations_live/img_5281.png']","[4.0031304359436035, 4.000901222229004, 3.875576972961426, 3.691732168197632, 3.6872825622558594, 3.6494131088256836, 3.6123266220092773, 3.604330539703369]"
2479,3.459023952484131,0.03006931208074093,"['top_activations_live/img_2564.png', 'top_activations_live/img_4601.png', 'top_activations_live/img_8359.png', 'top_activations_live/img_1690.png', 'top_activations_live/img_7975.png', 'top_activations_live/img_843.png', 'top_activations_live/img_2114.png', 'top_activations_live/img_6145.png']","[3.459023952484131, 3.278317928314209, 3.1312406063079834, 3.0442380905151367, 3.012566328048706, 2.9729814529418945, 2.897019386291504, 2.803942918777466]"
2486,0.8017913103103638,8.017913205549121e-05,"['top_activations_live/img_8169.png', 'top_activations_live/img_1.png', 'top_activations_live/img_7.png', 'top_activations_live/img_4.png', 'top_activations_live/img_3.png', 'top_activations_live/img_5.png', 'top_activations_live/img_0.png', 'top_activations_live/img_2.png']","[0.8017913103103638, 0.0, 0.0, 0.0, 0.0, 0.0, 0.0, 0.0]"
2487,3.171407699584961,0.03403695672750473,"['top_activations_live/img_8007.png', 'top_activations_live/img_9354.png', 'top_activations_live/img_3587.png', 'top_activations_live/img_496.png', 'top_activations_live/img_8293.png', 'top_activations_live/img_2027.png', 'top_activations_live/img_9625.png', 'top_activations_live/img_281.png']","[3.171407699584961, 2.5707948207855225, 2.5366148948669434, 2.37477445602417, 2.120157241821289, 2.0425384044647217, 2.017953634262085, 1.9856517314910889]"
2517,4.834585189819336,0.6697680950164795,"['top_activations_live/img_3952.png', 'top_activations_live/img_5452.png', 'top_activations_live/img_8189.png', 'top_activations_live/img_9116.png', 'top_activations_live/img_2935.png', 'top_activations_live/img_370.png', 'top_activations_live/img_9932.png', 'top_activations_live/img_5279.png']","[4.834585189819336, 4.742915630340576, 4.6754865646362305, 4.505279541015625, 4.441420078277588, 4.3932671546936035, 4.345441818237305, 4.338917255401611]"
2530,6.0868401527404785,0.42412513494491577,"['top_activations_live/img_4659.png', 'top_activations_live/img_938.png', 'top_activations_live/img_2495.png', 'top_activations_live/img_2975.png', 'top_activations_live/img_577.png', 'top_activations_live/img_8046.png', 'top_activations_live/img_1285.png', 'top_activations_live/img_2577.png']","[6.0868401527404785, 5.860866069793701, 5.855887413024902, 5.451006889343262, 5.372398376464844, 5.2748122215271, 5.147525310516357, 5.08445930480957]"
2583,8.450166702270508,0.7214456796646118,"['top_activations_live/img_3154.png', 'top_activations_live/img_9526.png', 'top_activations_live/img_383.png', 'top_activations_live/img_2946.png', 'top_activations_live/img_6435.png', 'top_activations_live/img_8217.png', 'top_activations_live/img_3690.png', 'top_activations_live/img_9470.png']","[8.450166702270508, 8.03256893157959, 8.01478099822998, 7.936364650726318, 7.822689056396484, 7.735473155975342, 7.661436080932617, 7.5883893966674805]"
2603,3.0777769088745117,0.024965737015008926,"['top_activations_live/img_816.png', 'top_activations_live/img_4791.png', 'top_activations_live/img_6140.png', 'top_activations_live/img_7122.png', 'top_activations_live/img_2116.png', 'top_activations_live/img_1104.png', 'top_activations_live/img_486.png', 'top_activations_live/img_174.png']","[3.0777769088745117, 2.8386178016662598, 2.825164318084717, 2.4414470195770264, 2.367166042327881, 2.3439114093780518, 2.3142051696777344, 2.2462122440338135]"
2626,3.3169631958007812,0.017786895856261253,"['top_activations_live/img_724.png', 'top_activations_live/img_1946.png', 'top_activations_live/img_9466.png', 'top_activations_live/img_7468.png', 'top_activations_live/img_9932.png', 'top_activations_live/img_3079.png', 'top_activations_live/img_9240.png', 'top_activations_live/img_3829.png']","[3.3169631958007812, 2.7864298820495605, 2.673325777053833, 2.609285354614258, 2.3261497020721436, 2.261641502380371, 2.18086576461792, 2.1457042694091797]"
2638,6.364986896514893,0.14060525596141815,"['top_activations_live/img_3100.png', 'top_activations_live/img_1651.png', 'top_activations_live/img_3429.png', 'top_activations_live/img_5721.png', 'top_activations_live/img_7196.png', 'top_activations_live/img_3068.png', 'top_activations_live/img_3801.png', 'top_activations_live/img_1365.png']","[6.364986896514893, 6.235751152038574, 6.027215003967285, 5.970878601074219, 5.91736364364624, 5.837197780609131, 5.510313510894775, 5.4729204177856445]"
2654,1.5126488208770752,0.0007145671988837421,"['top_activations_live/img_7116.png', 'top_activations_live/img_6821.png', 'top_activations_live/img_9017.png', 'top_activations_live/img_2079.png', 'top_activations_live/img_8960.png', 'top_activations_live/img_9812.png', 'top_activations_live/img_1664.png', 'top_activations_live/img_3.png']","[1.5126488208770752, 1.3395510911941528, 1.0500346422195435, 0.9240483641624451, 0.8347311019897461, 0.7517555952072144, 0.7329025268554688, 0.0]"
2680,3.1806044578552246,0.059159863740205765,"['top_activations_live/img_8313.png', 'top_activations_live/img_9609.png', 'top_activations_live/img_6748.png', 'top_activations_live/img_6156.png', 'top_activations_live/img_440.png', 'top_activations_live/img_8749.png', 'top_activations_live/img_4894.png', 'top_activations_live/img_7107.png']","[3.1806044578552246, 2.949031114578247, 2.6397886276245117, 2.5837252140045166, 2.5575315952301025, 2.5242860317230225, 2.5197317600250244, 2.5007591247558594]"
2708,6.593763828277588,0.3179047107696533,"['top_activations_live/img_2410.png', 'top_activations_live/img_9454.png', 'top_activations_live/img_6938.png', 'top_activations_live/img_5934.png', 'top_activations_live/img_3129.png', 'top_activations_live/img_9979.png', 'top_activations_live/img_336.png', 'top_activations_live/img_1274.png']","[6.593763828277588, 6.46986198425293, 6.369035720825195, 6.297964096069336, 6.1661200523376465, 6.152645111083984, 6.101510524749756, 6.021265029907227]"
2718,3.176389694213867,0.02691439911723137,"['top_activations_live/img_1058.png', 'top_activations_live/img_229.png', 'top_activations_live/img_3075.png', 'top_activations_live/img_6605.png', 'top_activations_live/img_8544.png', 'top_activations_live/img_2649.png', 'top_activations_live/img_3179.png', 'top_activations_live/img_1356.png']","[3.176389694213867, 3.1213560104370117, 3.1083381175994873, 3.0689048767089844, 3.043856620788574, 2.9450745582580566, 2.9104321002960205, 2.8356101512908936]"
2772,7.458905220031738,0.486423134803772,"['top_activations_live/img_9066.png', 'top_activations_live/img_9663.png', 'top_activations_live/img_3027.png', 'top_activations_live/img_4875.png', 'top_activations_live/img_2220.png', 'top_activations_live/img_1769.png', 'top_activations_live/img_4560.png', 'top_activations_live/img_490.png']","[7.458905220031738, 7.162224769592285, 7.138083457946777, 7.129241943359375, 7.07872200012207, 7.045058250427246, 6.957766056060791, 6.911660194396973]"
2810,7.10063362121582,0.3104071319103241,"['top_activations_live/img_3908.png', 'top_activations_live/img_2883.png', 'top_activations_live/img_2189.png', 'top_activations_live/img_2739.png', 'top_activations_live/img_7521.png', 'top_activations_live/img_2318.png', 'top_activations_live/img_1505.png', 'top_activations_live/img_8810.png']","[7.10063362121582, 7.050684928894043, 6.988328456878662, 6.972983360290527, 6.910543441772461, 6.847281455993652, 6.806886672973633, 6.801722526550293]"
2829,7.0312299728393555,0.3393697738647461,"['top_activations_live/img_4284.png', 'top_activations_live/img_1131.png', 'top_activations_live/img_8162.png', 'top_activations_live/img_9519.png', 'top_activations_live/img_2346.png', 'top_activations_live/img_2290.png', 'top_activations_live/img_8006.png', 'top_activations_live/img_8127.png']","[7.0312299728393555, 7.030744552612305, 7.014380931854248, 6.8757147789001465, 6.683844566345215, 6.676358222961426, 6.606266975402832, 6.575015068054199]"
2836,1.7323877811431885,0.002132547553628683,"['top_activations_live/img_7066.png', 'top_activations_live/img_8348.png', 'top_activations_live/img_8420.png', 'top_activations_live/img_5388.png', 'top_activations_live/img_1327.png', 'top_activations_live/img_3510.png', 'top_activations_live/img_6645.png', 'top_activations_live/img_6892.png']","[1.7323877811431885, 1.2303404808044434, 1.0285866260528564, 0.9593386650085449, 0.9202468395233154, 0.7938718795776367, 0.7828835248947144, 0.7809534072875977]"
2845,3.729891300201416,0.08772291243076324,"['top_activations_live/img_9838.png', 'top_activations_live/img_9939.png', 'top_activations_live/img_230.png', 'top_activations_live/img_2094.png', 'top_activations_live/img_7798.png', 'top_activations_live/img_7636.png', 'top_activations_live/img_2259.png', 'top_activations_live/img_4078.png']","[3.729891300201416, 3.482299566268921, 3.4446218013763428, 3.443359375, 3.268566608428955, 3.1871836185455322, 3.172976493835449, 3.0813777446746826]"
2850,5.472419738769531,0.02326958253979683,"['top_activations_live/img_5779.png', 'top_activations_live/img_2291.png', 'top_activations_live/img_8526.png', 'top_activations_live/img_7422.png', 'top_activations_live/img_9232.png', 'top_activations_live/img_8394.png', 'top_activations_live/img_4901.png', 'top_activations_live/img_6453.png']","[5.472419738769531, 3.9303107261657715, 3.8265135288238525, 3.668043613433838, 2.8279378414154053, 2.809990406036377, 2.7007007598876953, 2.6230711936950684]"
2855,0.8622317314147949,0.00019617639190983027,"['top_activations_live/img_9302.png', 'top_activations_live/img_1811.png', 'top_activations_live/img_8021.png', 'top_activations_live/img_7.png', 'top_activations_live/img_3.png', 'top_activations_live/img_1.png', 'top_activations_live/img_4.png', 'top_activations_live/img_5.png']","[0.8622317314147949, 0.6415127515792847, 0.4580194354057312, 0.0, 0.0, 0.0, 0.0, 0.0]"
2871,4.247855186462402,0.12569089233875275,"['top_activations_live/img_4534.png', 'top_activations_live/img_1006.png', 'top_activations_live/img_5839.png', 'top_activations_live/img_6703.png', 'top_activations_live/img_8747.png', 'top_activations_live/img_5285.png', 'top_activations_live/img_6232.png', 'top_activations_live/img_6160.png']","[4.247855186462402, 4.245051383972168, 4.13939094543457, 3.99196720123291, 3.894998073577881, 3.7171921730041504, 3.6914117336273193, 3.6541028022766113]"
2892,6.229578495025635,0.3005622625350952,"['top_activations_live/img_719.png', 'top_activations_live/img_3670.png', 'top_activations_live/img_7770.png', 'top_activations_live/img_7867.png', 'top_activations_live/img_1096.png', 'top_activations_live/img_169.png', 'top_activations_live/img_2958.png', 'top_activations_live/img_8391.png']","[6.229578495025635, 5.524174213409424, 4.112264156341553, 4.070636749267578, 3.9989399909973145, 3.865030527114868, 3.8558411598205566, 3.8299427032470703]"
2923,4.066519260406494,0.05604349821805954,"['top_activations_live/img_179.png', 'top_activations_live/img_8387.png', 'top_activations_live/img_7815.png', 'top_activations_live/img_1932.png', 'top_activations_live/img_3698.png', 'top_activations_live/img_3847.png', 'top_activations_live/img_3172.png', 'top_activations_live/img_5339.png']","[4.066519260406494, 3.668558120727539, 3.637627601623535, 3.4816112518310547, 3.4623007774353027, 3.3695249557495117, 3.369044780731201, 3.302100658416748]"
2930,3.75714111328125,0.10023967921733856,"['top_activations_live/img_5701.png', 'top_activations_live/img_6842.png', 'top_activations_live/img_4458.png', 'top_activations_live/img_2897.png', 'top_activations_live/img_4155.png', 'top_activations_live/img_9393.png', 'top_activations_live/img_8357.png', 'top_activations_live/img_7747.png']","[3.75714111328125, 3.6042251586914062, 3.05527400970459, 3.0437064170837402, 3.0271334648132324, 2.9714972972869873, 2.683915376663208, 2.660534381866455]"
2940,1.5173871517181396,0.0006498724687844515,"['top_activations_live/img_4018.png', 'top_activations_live/img_3879.png', 'top_activations_live/img_6336.png', 'top_activations_live/img_4901.png', 'top_activations_live/img_7284.png', 'top_activations_live/img_189.png', 'top_activations_live/img_5036.png', 'top_activations_live/img_3.png']","[1.5173871517181396, 1.0646687746047974, 0.9459914565086365, 0.8406610488891602, 0.7957965731620789, 0.7055009007453918, 0.6287192106246948, 0.0]"
2960,3.095752477645874,0.02762710489332676,"['top_activations_live/img_6103.png', 'top_activations_live/img_2172.png', 'top_activations_live/img_180.png', 'top_activations_live/img_6798.png', 'top_activations_live/img_9576.png', 'top_activations_live/img_6030.png', 'top_activations_live/img_242.png', 'top_activations_live/img_8234.png']","[3.095752477645874, 3.025056838989258, 3.0221590995788574, 2.972540855407715, 2.911271572113037, 2.846492290496826, 2.625474452972412, 2.548126220703125]"
2962,7.573159217834473,0.26362156867980957,"['top_activations_live/img_7889.png', 'top_activations_live/img_7052.png', 'top_activations_live/img_4424.png', 'top_activations_live/img_6119.png', 'top_activations_live/img_131.png', 'top_activations_live/img_1313.png', 'top_activations_live/img_1182.png', 'top_activations_live/img_4278.png']","[7.573159217834473, 7.184008598327637, 7.128507137298584, 6.900197982788086, 6.867403984069824, 6.838568687438965, 6.754602432250977, 6.635534763336182]"
2975,3.7344844341278076,0.03994738310575485,"['top_activations_live/img_4468.png', 'top_activations_live/img_3046.png', 'top_activations_live/img_9824.png', 'top_activations_live/img_132.png', 'top_activations_live/img_8530.png', 'top_activations_live/img_2601.png', 'top_activations_live/img_8138.png', 'top_activations_live/img_8449.png']","[3.7344844341278076, 3.3604438304901123, 3.2123608589172363, 3.0653281211853027, 3.0607922077178955, 3.0087480545043945, 2.9567923545837402, 2.8028717041015625]"
2976,3.600202798843384,0.06633259356021881,"['top_activations_live/img_1494.png', 'top_activations_live/img_5698.png', 'top_activations_live/img_2384.png', 'top_activations_live/img_4885.png', 'top_activations_live/img_4476.png', 'top_activations_live/img_3287.png', 'top_activations_live/img_9551.png', 'top_activations_live/img_5955.png']","[3.600202798843384, 3.3821990489959717, 3.133643388748169, 2.971226930618286, 2.9099819660186768, 2.742666244506836, 2.707462787628174, 2.682981014251709]"
3021,0.6383374929428101,6.383375148288906e-05,"['top_activations_live/img_2745.png', 'top_activations_live/img_1.png', 'top_activations_live/img_7.png', 'top_activations_live/img_4.png', 'top_activations_live/img_3.png', 'top_activations_live/img_5.png', 'top_activations_live/img_0.png', 'top_activations_live/img_2.png']","[0.6383374929428101, 0.0, 0.0, 0.0, 0.0, 0.0, 0.0, 0.0]"
3053,3.3634979724884033,0.016014747321605682,"['top_activations_live/img_1797.png', 'top_activations_live/img_2220.png', 'top_activations_live/img_6130.png', 'top_activations_live/img_8550.png', 'top_activations_live/img_490.png', 'top_activations_live/img_4855.png', 'top_activations_live/img_3027.png', 'top_activations_live/img_4875.png']","[3.3634979724884033, 3.3431622982025146, 2.7482151985168457, 2.6494593620300293, 2.5519659519195557, 2.485748767852783, 2.4243204593658447, 2.3835432529449463]"
3056,2.9801366329193115,0.03550955653190613,"['top_activations_live/img_3541.png', 'top_activations_live/img_448.png', 'top_activations_live/img_5771.png', 'top_activations_live/img_8472.png', 'top_activations_live/img_1277.png', 'top_activations_live/img_7425.png', 'top_activations_live/img_9108.png', 'top_activations_live/img_2499.png']","[2.9801366329193115, 2.763671875, 2.6729931831359863, 2.5212321281433105, 2.3237953186035156, 2.2755651473999023, 2.2751951217651367, 2.2045109272003174]"
3072,6.152981758117676,0.4062904417514801,"['top_activations_live/img_9394.png', 'top_activations_live/img_3931.png', 'top_activations_live/img_7085.png', 'top_activations_live/img_1389.png', 'top_activations_live/img_2936.png', 'top_activations_live/img_3017.png', 'top_activations_live/img_7279.png', 'top_activations_live/img_9759.png']","[6.152981758117676, 6.134288311004639, 5.940464019775391, 5.917056083679199, 5.900758743286133, 5.853853225708008, 5.840948581695557, 5.820927619934082]"
3090,8.019062042236328,0.20831787586212158,"['top_activations_live/img_4323.png', 'top_activations_live/img_2803.png', 'top_activations_live/img_510.png', 'top_activations_live/img_5130.png', 'top_activations_live/img_579.png', 'top_activations_live/img_5615.png', 'top_activations_live/img_1948.png', 'top_activations_live/img_343.png']","[8.019062042236328, 6.513464450836182, 6.057121276855469, 5.973521709442139, 5.854686260223389, 5.78441047668457, 5.732676982879639, 5.702549934387207]"
3109,3.8621439933776855,0.14798283576965332,"['top_activations_live/img_8753.png', 'top_activations_live/img_9290.png', 'top_activations_live/img_5371.png', 'top_activations_live/img_2605.png', 'top_activations_live/img_4693.png', 'top_activations_live/img_5929.png', 'top_activations_live/img_1533.png', 'top_activations_live/img_1420.png']","[3.8621439933776855, 3.4483675956726074, 3.343197822570801, 3.2815117835998535, 3.2245607376098633, 3.193835735321045, 3.1689369678497314, 3.077092170715332]"
3184,6.536945343017578,0.30910736322402954,"['top_activations_live/img_23.png', 'top_activations_live/img_8127.png', 'top_activations_live/img_1707.png', 'top_activations_live/img_6140.png', 'top_activations_live/img_6672.png', 'top_activations_live/img_2290.png', 'top_activations_live/img_4971.png', 'top_activations_live/img_3173.png']","[6.536945343017578, 6.336668014526367, 6.263733386993408, 6.243562698364258, 6.240222930908203, 6.193661689758301, 6.086814880371094, 6.069475173950195]"
3188,8.050073623657227,0.2849524915218353,"['top_activations_live/img_9636.png', 'top_activations_live/img_2649.png', 'top_activations_live/img_8038.png', 'top_activations_live/img_5761.png', 'top_activations_live/img_7337.png', 'top_activations_live/img_7907.png', 'top_activations_live/img_4774.png', 'top_activations_live/img_2104.png']","[8.050073623657227, 7.92082405090332, 7.5042901039123535, 7.431320667266846, 7.299457550048828, 7.185956954956055, 7.1803364753723145, 7.103775978088379]"
3234,3.5959818363189697,0.076254703104496,"['top_activations_live/img_3167.png', 'top_activations_live/img_1760.png', 'top_activations_live/img_9172.png', 'top_activations_live/img_5165.png', 'top_activations_live/img_8970.png', 'top_activations_live/img_4861.png', 'top_activations_live/img_8455.png', 'top_activations_live/img_3806.png']","[3.5959818363189697, 3.100632667541504, 2.965726375579834, 2.9506397247314453, 2.6219279766082764, 2.5802133083343506, 2.561821460723877, 2.5608131885528564]"
3280,7.929499626159668,0.3314402401447296,"['top_activations_live/img_2020.png', 'top_activations_live/img_1792.png', 'top_activations_live/img_3161.png', 'top_activations_live/img_4737.png', 'top_activations_live/img_9674.png', 'top_activations_live/img_6932.png', 'top_activations_live/img_1881.png', 'top_activations_live/img_3157.png']","[7.929499626159668, 7.790998935699463, 7.776190280914307, 7.749903678894043, 7.667881011962891, 7.590325355529785, 7.366598129272461, 7.2349443435668945]"
3295,2.386317253112793,0.014430079609155655,"['top_activations_live/img_1007.png', 'top_activations_live/img_2330.png', 'top_activations_live/img_4667.png', 'top_activations_live/img_5735.png', 'top_activations_live/img_4981.png', 'top_activations_live/img_8614.png', 'top_activations_live/img_6341.png', 'top_activations_live/img_3713.png']","[2.386317253112793, 2.2747836112976074, 2.0470900535583496, 1.8841899633407593, 1.8425548076629639, 1.79112708568573, 1.7590829133987427, 1.7511405944824219]"
3359,3.766683578491211,0.0344637930393219,"['top_activations_live/img_1272.png', 'top_activations_live/img_2386.png', 'top_activations_live/img_2186.png', 'top_activations_live/img_2348.png', 'top_activations_live/img_8046.png', 'top_activations_live/img_835.png', 'top_activations_live/img_730.png', 'top_activations_live/img_6634.png']","[3.766683578491211, 3.7128171920776367, 3.5501294136047363, 3.3867557048797607, 3.373645305633545, 3.2234010696411133, 3.132441759109497, 3.1296896934509277]"
3403,4.192951202392578,0.026565581560134888,"['top_activations_live/img_2793.png', 'top_activations_live/img_8034.png', 'top_activations_live/img_9522.png', 'top_activations_live/img_6193.png', 'top_activations_live/img_5332.png', 'top_activations_live/img_4796.png', 'top_activations_live/img_5964.png', 'top_activations_live/img_3335.png']","[4.192951202392578, 4.073091983795166, 3.801576614379883, 3.6648714542388916, 3.586871385574341, 3.280646800994873, 3.2396912574768066, 3.181075096130371]"
3478,11.393270492553711,6.444544315338135,"['top_activations_live/img_6035.png', 'top_activations_live/img_2889.png', 'top_activations_live/img_178.png', 'top_activations_live/img_1468.png', 'top_activations_live/img_3119.png', 'top_activations_live/img_5213.png', 'top_activations_live/img_1080.png', 'top_activations_live/img_2390.png']","[11.393270492553711, 11.363035202026367, 11.145736694335938, 11.082500457763672, 10.98260498046875, 10.958667755126953, 10.893346786499023, 10.88703727722168]"
3492,0.8351773023605347,0.000574879755731672,"['top_activations_live/img_8972.png', 'top_activations_live/img_2130.png', 'top_activations_live/img_883.png', 'top_activations_live/img_2110.png', 'top_activations_live/img_919.png', 'top_activations_live/img_5584.png', 'top_activations_live/img_298.png', 'top_activations_live/img_1832.png']","[0.8351773023605347, 0.7932845950126648, 0.7864878177642822, 0.7858651876449585, 0.7257975935935974, 0.6824222803115845, 0.6448342800140381, 0.49492812156677246]"
3545,4.559518814086914,0.05328511819243431,"['top_activations_live/img_7976.png', 'top_activations_live/img_119.png', 'top_activations_live/img_6669.png', 'top_activations_live/img_8793.png', 'top_activations_live/img_8898.png', 'top_activations_live/img_8538.png', 'top_activations_live/img_4858.png', 'top_activations_live/img_4974.png']","[4.559518814086914, 4.50682258605957, 4.382684230804443, 4.207254409790039, 4.116600513458252, 3.7524609565734863, 3.6966233253479004, 3.690802574157715]"
3579,7.537325382232666,0.4898092746734619,"['top_activations_live/img_3860.png', 'top_activations_live/img_543.png', 'top_activations_live/img_8510.png', 'top_activations_live/img_4878.png', 'top_activations_live/img_4010.png', 'top_activations_live/img_3437.png', 'top_activations_live/img_4382.png', 'top_activations_live/img_732.png']","[7.537325382232666, 7.510466575622559, 7.408231735229492, 7.3598432540893555, 7.337658882141113, 7.28781270980835, 7.284119606018066, 7.197660446166992]"
3582,0.9005979895591736,0.0005594102549366653,"['top_activations_live/img_3251.png', 'top_activations_live/img_8338.png', 'top_activations_live/img_8445.png', 'top_activations_live/img_8829.png', 'top_activations_live/img_2378.png', 'top_activations_live/img_7678.png', 'top_activations_live/img_3104.png', 'top_activations_live/img_7742.png']","[0.9005979895591736, 0.7048836946487427, 0.6411013603210449, 0.638597309589386, 0.6155455708503723, 0.5989711284637451, 0.581234872341156, 0.5075556039810181]"
3627,4.553582191467285,0.08598185330629349,"['top_activations_live/img_1800.png', 'top_activations_live/img_9486.png', 'top_activations_live/img_9867.png', 'top_activations_live/img_3416.png', 'top_activations_live/img_8105.png', 'top_activations_live/img_9697.png', 'top_activations_live/img_5646.png', 'top_activations_live/img_2992.png']","[4.553582191467285, 4.17793083190918, 3.6549277305603027, 3.3884310722351074, 3.322561502456665, 3.292771816253662, 3.2752127647399902, 3.2006514072418213]"
3706,4.776934623718262,0.6543745398521423,"['top_activations_live/img_2568.png', 'top_activations_live/img_969.png', 'top_activations_live/img_1417.png', 'top_activations_live/img_2000.png', 'top_activations_live/img_7350.png', 'top_activations_live/img_1831.png', 'top_activations_live/img_604.png', 'top_activations_live/img_7603.png']","[4.776934623718262, 4.744481086730957, 4.650715351104736, 4.572054386138916, 4.367135047912598, 4.210503101348877, 4.182486534118652, 4.177853584289551]"
3796,2.833038806915283,0.05535523593425751,"['top_activations_live/img_7625.png', 'top_activations_live/img_6631.png', 'top_activations_live/img_7611.png', 'top_activations_live/img_0.png', 'top_activations_live/img_2859.png', 'top_activations_live/img_6615.png', 'top_activations_live/img_1470.png', 'top_activations_live/img_9302.png']","[2.833038806915283, 2.760902166366577, 2.6711583137512207, 2.658745527267456, 2.5572726726531982, 2.5357587337493896, 2.514310836791992, 2.479480266571045]"
3838,8.189064025878906,0.9409418106079102,"['top_activations_live/img_9818.png', 'top_activations_live/img_1932.png', 'top_activations_live/img_4125.png', 'top_activations_live/img_5548.png', 'top_activations_live/img_9253.png', 'top_activations_live/img_9439.png', 'top_activations_live/img_164.png', 'top_activations_live/img_5339.png']","[8.189064025878906, 8.07800006866455, 7.699718475341797, 7.503761291503906, 7.447269916534424, 7.088706016540527, 7.05243444442749, 6.984250068664551]"
3839,1.9866232872009277,0.0016657215310260653,"['top_activations_live/img_8898.png', 'top_activations_live/img_8793.png', 'top_activations_live/img_7976.png', 'top_activations_live/img_7089.png', 'top_activations_live/img_5842.png', 'top_activations_live/img_6669.png', 'top_activations_live/img_4224.png', 'top_activations_live/img_8827.png']","[1.9866232872009277, 1.2336807250976562, 1.1186952590942383, 1.0919359922409058, 1.0696711540222168, 1.02265465259552, 0.9651382565498352, 0.8995133638381958]"
3878,6.487638473510742,0.09835424274206161,"['top_activations_live/img_6319.png', 'top_activations_live/img_8553.png', 'top_activations_live/img_7546.png', 'top_activations_live/img_3337.png', 'top_activations_live/img_1119.png', 'top_activations_live/img_9945.png', 'top_activations_live/img_2891.png', 'top_activations_live/img_5913.png']","[6.487638473510742, 5.232913970947266, 5.002060890197754, 4.50657320022583, 4.481665134429932, 4.321637153625488, 4.133004665374756, 3.9535937309265137]"
3883,5.841030120849609,0.23780351877212524,"['top_activations_live/img_4091.png', 'top_activations_live/img_1987.png', 'top_activations_live/img_5594.png', 'top_activations_live/img_2174.png', 'top_activations_live/img_8459.png', 'top_activations_live/img_6509.png', 'top_activations_live/img_9287.png', 'top_activations_live/img_3288.png']","[5.841030120849609, 5.820572853088379, 5.585434436798096, 5.440428733825684, 5.424631118774414, 5.374456405639648, 5.331851482391357, 5.259634971618652]"
3905,7.629820346832275,0.09938265383243561,"['top_activations_live/img_7154.png', 'top_activations_live/img_6036.png', 'top_activations_live/img_150.png', 'top_activations_live/img_6623.png', 'top_activations_live/img_153.png', 'top_activations_live/img_8529.png', 'top_activations_live/img_9709.png', 'top_activations_live/img_37.png']","[7.629820346832275, 7.298342704772949, 7.24722957611084, 7.1219940185546875, 7.045896530151367, 7.009047031402588, 6.996270179748535, 6.978473663330078]"
3924,1.1190578937530518,0.0009976377477869391,"['top_activations_live/img_9302.png', 'top_activations_live/img_6134.png', 'top_activations_live/img_6899.png', 'top_activations_live/img_1391.png', 'top_activations_live/img_763.png', 'top_activations_live/img_6631.png', 'top_activations_live/img_1812.png', 'top_activations_live/img_2900.png']","[1.1190578937530518, 1.007156491279602, 0.9370373487472534, 0.9278831481933594, 0.9134984612464905, 0.8469552397727966, 0.8461810946464539, 0.8278719186782837]"
3934,8.584352493286133,1.8387664556503296,"['top_activations_live/img_8537.png', 'top_activations_live/img_4338.png', 'top_activations_live/img_1947.png', 'top_activations_live/img_542.png', 'top_activations_live/img_2679.png', 'top_activations_live/img_3782.png', 'top_activations_live/img_3117.png', 'top_activations_live/img_9045.png']","[8.584352493286133, 8.494397163391113, 8.34321403503418, 8.078786849975586, 7.99493932723999, 7.987434387207031, 7.881568908691406, 7.610524654388428]"
3950,3.205354690551758,0.043098386377096176,"['top_activations_live/img_1499.png', 'top_activations_live/img_2052.png', 'top_activations_live/img_8158.png', 'top_activations_live/img_196.png', 'top_activations_live/img_8583.png', 'top_activations_live/img_3423.png', 'top_activations_live/img_6484.png', 'top_activations_live/img_7977.png']","[3.205354690551758, 2.933346748352051, 2.8319320678710938, 2.7248055934906006, 2.6935274600982666, 2.620216131210327, 2.575904607772827, 2.520087718963623]"
3982,3.4978928565979004,0.024216433987021446,"['top_activations_live/img_4358.png', 'top_activations_live/img_9443.png', 'top_activations_live/img_2731.png', 'top_activations_live/img_1599.png', 'top_activations_live/img_1603.png', 'top_activations_live/img_1362.png', 'top_activations_live/img_2890.png', 'top_activations_live/img_2057.png']","[3.4978928565979004, 2.983347177505493, 2.970761775970459, 2.5338709354400635, 2.5084006786346436, 2.4421725273132324, 2.4379279613494873, 2.4205923080444336]"
3996,9.758707046508789,5.264956951141357,"['top_activations_live/img_5714.png', 'top_activations_live/img_9620.png', 'top_activations_live/img_9859.png', 'top_activations_live/img_9094.png', 'top_activations_live/img_5149.png', 'top_activations_live/img_2865.png', 'top_activations_live/img_3932.png', 'top_activations_live/img_7101.png']","[9.758707046508789, 9.631175994873047, 9.585760116577148, 9.44140338897705, 9.414314270019531, 9.363377571105957, 9.218168258666992, 9.204319953918457]"
4014,6.563427925109863,1.1245810985565186,"['top_activations_live/img_1688.png', 'top_activations_live/img_7822.png', 'top_activations_live/img_455.png', 'top_activations_live/img_9779.png', 'top_activations_live/img_5471.png', 'top_activations_live/img_8773.png', 'top_activations_live/img_8586.png', 'top_activations_live/img_1225.png']","[6.563427925109863, 6.230478286743164, 6.092104434967041, 6.086978435516357, 6.041881561279297, 6.006631374359131, 5.981270790100098, 5.974184989929199]"
4035,6.030584812164307,0.016028957441449165,"['top_activations_live/img_801.png', 'top_activations_live/img_1706.png', 'top_activations_live/img_6184.png', 'top_activations_live/img_2346.png', 'top_activations_live/img_8097.png', 'top_activations_live/img_3285.png', 'top_activations_live/img_4318.png', 'top_activations_live/img_9905.png']","[6.030584812164307, 5.129672527313232, 4.585640907287598, 4.371819019317627, 4.364784240722656, 4.113950252532959, 4.064105033874512, 3.8637375831604004]"
4043,4.795070171356201,0.2916426658630371,"['top_activations_live/img_1700.png', 'top_activations_live/img_1362.png', 'top_activations_live/img_7540.png', 'top_activations_live/img_6259.png', 'top_activations_live/img_1055.png', 'top_activations_live/img_3204.png', 'top_activations_live/img_903.png', 'top_activations_live/img_3230.png']","[4.795070171356201, 4.682876110076904, 4.427708148956299, 4.1997880935668945, 4.192198276519775, 4.174424171447754, 4.141254425048828, 4.111608505249023]"
